Time,ZN01_PV01_CO_RE_ATM_CLIENTES:SAO PAULO ANN HTG 99.6% CONDNS DB:Des Heat Load [W],ZN01_PV01_CO_RE_ATM_CLIENTES:SAO PAULO ANN CLG .4% CONDNS DB=>MWB:Des Sens Cool Load [W],ZN01_PV01_CO_RE_ATM_CLIENTES:SAO PAULO ANN HTG 99.6% CONDNS DB:Des Heat Mass Flow [kg/s],ZN01_PV01_CO_RE_ATM_CLIENTES:SAO PAULO ANN CLG .4% CONDNS DB=>MWB:Des Cool Mass Flow [kg/s],ZN01_PV01_CO_RE_ATM_EQUIP:SAO PAULO ANN HTG 99.6% CONDNS DB:Des Heat Load [W],ZN01_PV01_CO_RE_ATM_EQUIP:SAO PAULO ANN CLG .4% CONDNS DB=>MWB:Des Sens Cool Load [W],ZN01_PV01_CO_RE_ATM_EQUIP:SAO PAULO ANN HTG 99.6% CONDNS DB:Des Heat Mass Flow [kg/s],ZN01_PV01_CO_RE_ATM_EQUIP:SAO PAULO ANN CLG .4% CONDNS DB=>MWB:Des Cool Mass Flow [kg/s],ZN02_PV01_CO_RE_CAIXAS1:SAO PAULO ANN HTG 99.6% CONDNS DB:Des Heat Load [W],ZN02_PV01_CO_RE_CAIXAS1:SAO PAULO ANN CLG .4% CONDNS DB=>MWB:Des Sens Cool Load [W],ZN02_PV01_CO_RE_CAIXAS1:SAO PAULO ANN HTG 99.6% CONDNS DB:Des Heat Mass Flow [kg/s],ZN02_PV01_CO_RE_CAIXAS1:SAO PAULO ANN CLG .4% CONDNS DB=>MWB:Des Cool Mass Flow [kg/s],ZN03_PV02_CO_RE_CAIXAS2:SAO PAULO ANN HTG 99.6% CONDNS DB:Des Heat Load [W],ZN03_PV02_CO_RE_CAIXAS2:SAO PAULO ANN CLG .4% CONDNS DB=>MWB:Des Sens Cool Load [W],ZN03_PV02_CO_RE_CAIXAS2:SAO PAULO ANN HTG 99.6% CONDNS DB:Des Heat Mass Flow [kg/s],ZN03_PV02_CO_RE_CAIXAS2:SAO PAULO ANN CLG .4% CONDNS DB=>MWB:Des Cool Mass Flow [kg/s],ZN04_PV02_CO_RE_ADMIN:SAO PAULO ANN HTG 99.6% CONDNS DB:Des Heat Load [W],ZN04_PV02_CO_RE_ADMIN:SAO PAULO ANN CLG .4% CONDNS DB=>MWB:Des Sens Cool Load [W],ZN04_PV02_CO_RE_ADMIN:SAO PAULO ANN HTG 99.6% CONDNS DB:Des Heat Mass Flow [kg/s],ZN04_PV02_CO_RE_ADMIN:SAO PAULO ANN CLG .4% CONDNS DB=>MWB:Des Cool Mass Flow [kg/s],ZN05_PV02_CO_NO_SERVIDOR::Des Heat Load [W],ZN05_PV02_CO_NO_SERVIDOR:SAO PAULO ANN CLG .4% CONDNS DB=>MWB:Des Sens Cool Load [W],ZN05_PV02_CO_NO_SERVIDOR::Des Heat Mass Flow [kg/s],ZN05_PV02_CO_NO_SERVIDOR:SAO PAULO ANN CLG .4% CONDNS DB=>MWB:Des Cool Mass Flow [kg/s]
00:10:00,1.809598E+03,7.021192E+02,6.119362E-02,6.148022E-02,6.793787E+02,2.404641E+02,6.056781E-02,2.122555E-02,2.159906E+03,5.442581E+02,7.303976E-02,4.765528E-02,3.750311E+03,2.328823E+03,1.268212E-01,2.039112E-01,3.087056E+03,1.994799E+03,1.043925E-01,1.746641E-01,0.000000E+00,2.169069E+03,0.000000E+00,2.127140E-01
00:20:00,1.819440E+03,6.614728E+02,6.152645E-02,5.792068E-02,6.802174E+02,2.279598E+02,6.064258E-02,2.012180E-02,2.160902E+03,5.221393E+02,7.307345E-02,4.571854E-02,3.750660E+03,2.274287E+03,1.268330E-01,1.991361E-01,3.087019E+03,1.957747E+03,1.043912E-01,1.714198E-01,0.000000E+00,2.164283E+03,0.000000E+00,2.122446E-01
00:30:00,1.828332E+03,6.230603E+02,6.182715E-02,5.455686E-02,6.809614E+02,2.161074E+02,6.070891E-02,1.907560E-02,2.161793E+03,5.009710E+02,7.310358E-02,4.386503E-02,3.751169E+03,2.220841E+03,1.268502E-01,1.944563E-01,3.086994E+03,1.921247E+03,1.043903E-01,1.682240E-01,0.000000E+00,2.159611E+03,0.000000E+00,2.117864E-01
00:40:00,1.836413E+03,5.866232E+02,6.210039E-02,5.136609E-02,6.816263E+02,2.048416E+02,6.076819E-02,1.808118E-02,2.162597E+03,4.806291E+02,7.313076E-02,4.208388E-02,3.751827E+03,2.168449E+03,1.268725E-01,1.898689E-01,3.086980E+03,1.885283E+03,1.043899E-01,1.650750E-01,0.000000E+00,2.155046E+03,0.000000E+00,2.113388E-01
00:50:00,1.843798E+03,5.519356E+02,6.235014E-02,4.832858E-02,6.822255E+02,1.941097E+02,6.082161E-02,1.713389E-02,2.163328E+03,4.609908E+02,7.315548E-02,4.036434E-02,3.752623E+03,2.117088E+03,1.268994E-01,1.853717E-01,3.086979E+03,1.849840E+03,1.043899E-01,1.619715E-01,0.000000E+00,2.150584E+03,0.000000E+00,2.109012E-01
01:00:00,1.850583E+03,5.187670E+02,6.257958E-02,4.542413E-02,6.827694E+02,1.838694E+02,6.087010E-02,1.622998E-02,2.163998E+03,4.419153E+02,7.317813E-02,3.869408E-02,3.753544E+03,2.066743E+03,1.269305E-01,1.809636E-01,3.086990E+03,1.814904E+03,1.043902E-01,1.589126E-01,0.000000E+00,2.146220E+03,0.000000E+00,2.104732E-01
01:10:00,1.856847E+03,4.870899E+02,6.279141E-02,4.265031E-02,6.832664E+02,1.740863E+02,6.091441E-02,1.536644E-02,2.164616E+03,4.230967E+02,7.319905E-02,3.704632E-02,3.754580E+03,2.017445E+03,1.269656E-01,1.766471E-01,3.087016E+03,1.780472E+03,1.043911E-01,1.558977E-01,0.000000E+00,2.141950E+03,0.000000E+00,2.100545E-01
01:20:00,1.862655E+03,4.568377E+02,6.298783E-02,4.000129E-02,6.837230E+02,1.647329E+02,6.095512E-02,1.454082E-02,2.165189E+03,4.046591E+02,7.321843E-02,3.543193E-02,3.755713E+03,1.969191E+03,1.270039E-01,1.724219E-01,3.087052E+03,1.746532E+03,1.043923E-01,1.529260E-01,0.000000E+00,2.137770E+03,0.000000E+00,2.096446E-01
01:30:00,1.868081E+03,4.279479E+02,6.317133E-02,3.747158E-02,6.841496E+02,1.557880E+02,6.099315E-02,1.375126E-02,2.165729E+03,3.866051E+02,7.323669E-02,3.385111E-02,3.756935E+03,1.921984E+03,1.270452E-01,1.682884E-01,3.087100E+03,1.713082E+03,1.043939E-01,1.499971E-01,0.000000E+00,2.133679E+03,0.000000E+00,2.092434E-01
01:40:00,1.873170E+03,4.003658E+02,6.334343E-02,3.505641E-02,6.845502E+02,1.472370E+02,6.102886E-02,1.299647E-02,2.166240E+03,3.689425E+02,7.325395E-02,3.230457E-02,3.758232E+03,1.875837E+03,1.270891E-01,1.642478E-01,3.087158E+03,1.680124E+03,1.043959E-01,1.471112E-01,0.000000E+00,2.129675E+03,0.000000E+00,2.088507E-01
01:50:00,1.877956E+03,3.740470E+02,6.350527E-02,3.275186E-02,6.849269E+02,1.390730E+02,6.106244E-02,1.227584E-02,2.166723E+03,3.516782E+02,7.327029E-02,3.079290E-02,3.759591E+03,1.830788E+03,1.271350E-01,1.603033E-01,3.087225E+03,1.647659E+03,1.043982E-01,1.442687E-01,0.000000E+00,2.125758E+03,0.000000E+00,2.084666E-01
02:00:00,1.882470E+03,3.489570E+02,6.365792E-02,3.055492E-02,6.852821E+02,1.313138E+02,6.109411E-02,1.159095E-02,2.167181E+03,3.348188E+02,7.328579E-02,2.931670E-02,3.760999E+03,1.786796E+03,1.271826E-01,1.564515E-01,3.087302E+03,1.615696E+03,1.044008E-01,1.414699E-01,0.000000E+00,2.121927E+03,0.000000E+00,2.080909E-01
02:10:00,1.886740E+03,3.250334E+02,6.380232E-02,2.846011E-02,6.856178E+02,1.239369E+02,6.112404E-02,1.093980E-02,2.167617E+03,3.183703E+02,7.330053E-02,2.787646E-02,3.762447E+03,1.743776E+03,1.272316E-01,1.526846E-01,3.087386E+03,1.584238E+03,1.044036E-01,1.387156E-01,0.000000E+00,2.118182E+03,0.000000E+00,2.077236E-01
02:20:00,1.890790E+03,3.022589E+02,6.393927E-02,2.646594E-02,6.859359E+02,1.169030E+02,6.115240E-02,1.031892E-02,2.168032E+03,3.023371E+02,7.331458E-02,2.647260E-02,3.763924E+03,1.701699E+03,1.272816E-01,1.490003E-01,3.087477E+03,1.553294E+03,1.044067E-01,1.360060E-01,0.000000E+00,2.114524E+03,0.000000E+00,2.073649E-01
02:30:00,1.894640E+03,2.806388E+02,6.406948E-02,2.457285E-02,6.862380E+02,1.101856E+02,6.117933E-02,9.725978E-03,2.168429E+03,2.867215E+02,7.332799E-02,2.510530E-02,3.765422E+03,1.660536E+03,1.273322E-01,1.453961E-01,3.087574E+03,1.522865E+03,1.044100E-01,1.333417E-01,0.000000E+00,2.110953E+03,0.000000E+00,2.070147E-01
02:40:00,1.898309E+03,2.602212E+02,6.419356E-02,2.278507E-02,6.865256E+02,1.037577E+02,6.120497E-02,9.158596E-03,2.168808E+03,2.715239E+02,7.334081E-02,2.377459E-02,3.766932E+03,1.620253E+03,1.273833E-01,1.418690E-01,3.087677E+03,1.492953E+03,1.044135E-01,1.307226E-01,0.000000E+00,2.107468E+03,0.000000E+00,2.066729E-01
02:50:00,1.901814E+03,2.412846E+02,6.431206E-02,2.112696E-02,6.868001E+02,9.758871E+01,6.122944E-02,8.614065E-03,2.169172E+03,2.567430E+02,7.335311E-02,2.248038E-02,3.768448E+03,1.580792E+03,1.274345E-01,1.384138E-01,3.087785E+03,1.463559E+03,1.044171E-01,1.281489E-01,0.000000E+00,2.104068E+03,0.000000E+00,2.063395E-01
03:00:00,1.905167E+03,2.234901E+02,6.442545E-02,1.956885E-02,6.870625E+02,9.162678E+01,6.125284E-02,8.087811E-03,2.169521E+03,2.423767E+02,7.336491E-02,2.122247E-02,3.769963E+03,1.542168E+03,1.274858E-01,1.350319E-01,3.087896E+03,1.434681E+03,1.044209E-01,1.256203E-01,0.000000E+00,2.100752E+03,0.000000E+00,2.060143E-01
03:10:00,1.908381E+03,2.066731E+02,6.453414E-02,1.809634E-02,6.873140E+02,8.586299E+01,6.127526E-02,7.579047E-03,2.169857E+03,2.284223E+02,7.337627E-02,2.000062E-02,3.771473E+03,1.504353E+03,1.275368E-01,1.317208E-01,3.088011E+03,1.406316E+03,1.044248E-01,1.231367E-01,0.000000E+00,2.097519E+03,0.000000E+00,2.056973E-01
03:20:00,1.911467E+03,1.906916E+02,6.463851E-02,1.669699E-02,6.875555E+02,8.030601E+01,6.129679E-02,7.088537E-03,2.170180E+03,2.148759E+02,7.338721E-02,1.881449E-02,3.772972E+03,1.467336E+03,1.275875E-01,1.284796E-01,3.088128E+03,1.378459E+03,1.044287E-01,1.206976E-01,0.000000E+00,2.094368E+03,0.000000E+00,2.053882E-01
03:30:00,1.914434E+03,1.753971E+02,6.473886E-02,1.535779E-02,6.877878E+02,7.495103E+01,6.131750E-02,6.615858E-03,2.170492E+03,2.017320E+02,7.339776E-02,1.766362E-02,3.774456E+03,1.431101E+03,1.276377E-01,1.253069E-01,3.088248E+03,1.351104E+03,1.044328E-01,1.183024E-01,0.000000E+00,2.091295E+03,0.000000E+00,2.050869E-01
03:40:00,1.917292E+03,1.606064E+02,6.483548E-02,1.406271E-02,6.880116E+02,6.979262E+01,6.133745E-02,6.160531E-03,2.170794E+03,1.889843E+02,7.340796E-02,1.654743E-02,3.775922E+03,1.395630E+03,1.276873E-01,1.222011E-01,3.088369E+03,1.324239E+03,1.044369E-01,1.159501E-01,0.000000E+00,2.088299E+03,0.000000E+00,2.047931E-01
03:50:00,1.920046E+03,1.459126E+02,6.492862E-02,1.277611E-02,6.882276E+02,6.482503E+01,6.135671E-02,5.722046E-03,2.171085E+03,1.766263E+02,7.341782E-02,1.546536E-02,3.777367E+03,1.360903E+03,1.277362E-01,1.191604E-01,3.088491E+03,1.297854E+03,1.044410E-01,1.136398E-01,0.000000E+00,2.085377E+03,0.000000E+00,2.045065E-01
04:00:00,1.922704E+03,1.315298E+02,6.501850E-02,1.151675E-02,6.884364E+02,6.004249E+01,6.137532E-02,5.299895E-03,2.171368E+03,1.646519E+02,7.342738E-02,1.441689E-02,3.778790E+03,1.326898E+03,1.277843E-01,1.161829E-01,3.088614E+03,1.271935E+03,1.044452E-01,1.113703E-01,0.000000E+00,2.082525E+03,0.000000E+00,2.042268E-01
04:10:00,1.925271E+03,1.175017E+02,6.510533E-02,1.028845E-02,6.886384E+02,5.543941E+01,6.139333E-02,4.893586E-03,2.171642E+03,1.530566E+02,7.343665E-02,1.340160E-02,3.780186E+03,1.293644E+03,1.278315E-01,1.132712E-01,3.088738E+03,1.246468E+03,1.044493E-01,1.091405E-01,0.000000E+00,2.079739E+03,0.000000E+00,2.039537E-01
04:20:00,1.927754E+03,1.038422E+02,6.518926E-02,9.092417E-03,6.888342E+02,5.101094E+01,6.141079E-02,4.502689E-03,2.171908E+03,1.418380E+02,7.344564E-02,1.241931E-02,3.781556E+03,1.261129E+03,1.278778E-01,1.104242E-01,3.088861E+03,1.221443E+03,1.044535E-01,1.069493E-01,0.000000E+00,2.077018E+03,0.000000E+00,2.036868E-01
04:30:00,1.930155E+03,9.056007E+01,6.527047E-02,7.929436E-03,6.890241E+02,4.675318E+01,6.142772E-02,4.126860E-03,2.172166E+03,1.309976E+02,7.345438E-02,1.147012E-02,3.782898E+03,1.229339E+03,1.279232E-01,1.076407E-01,3.088985E+03,1.196849E+03,1.044577E-01,1.047958E-01,0.000000E+00,2.074358E+03,0.000000E+00,2.034259E-01
04:40:00,1.932480E+03,7.766274E+01,6.534909E-02,6.800144E-03,6.892086E+02,4.266325E+01,6.144416E-02,3.765846E-03,2.172417E+03,1.205409E+02,7.346287E-02,1.055454E-02,3.784211E+03,1.198263E+03,1.279676E-01,1.049196E-01,3.089107E+03,1.172678E+03,1.044618E-01,1.026794E-01,0.000000E+00,2.071757E+03,0.000000E+00,2.031709E-01
04:50:00,1.934732E+03,6.515687E+01,6.542524E-02,5.705129E-03,6.893879E+02,3.873926E+01,6.146015E-02,3.419479E-03,2.172662E+03,1.104792E+02,7.347114E-02,9.673538E-03,3.785495E+03,1.167889E+03,1.280110E-01,1.022601E-01,3.089229E+03,1.148925E+03,1.044660E-01,1.005996E-01,0.000000E+00,2.069214E+03,0.000000E+00,2.029215E-01
05:00:00,1.936914E+03,5.304947E+01,6.549904E-02,4.645006E-03,6.895622E+02,3.498033E+01,6.147569E-02,3.087681E-03,2.172900E+03,1.008322E+02,7.347919E-02,8.828843E-03,3.786748E+03,1.138208E+03,1.280534E-01,9.966120E-02,3.089350E+03,1.125585E+03,1.044701E-01,9.855599E-02,0.000000E+00,2.066728E+03,0.000000E+00,2.026777E-01
05:10:00,1.939030E+03,4.148721E+01,6.557059E-02,3.632615E-03,6.897320E+02,3.138689E+01,6.149083E-02,2.770492E-03,2.173132E+03,9.163593E+01,7.348703E-02,8.023623E-03,3.787972E+03,1.109363E+03,1.280948E-01,9.713559E-02,3.089470E+03,1.102657E+03,1.044741E-01,9.654838E-02,0.000000E+00,2.064298E+03,0.000000E+00,2.024394E-01
05:20:00,1.941082E+03,3.049841E+01,6.563999E-02,2.670436E-03,6.898974E+02,2.796149E+01,6.150557E-02,2.468135E-03,2.173358E+03,8.298407E+01,7.349468E-02,7.266068E-03,3.789164E+03,1.081382E+03,1.281351E-01,9.468559E-02,3.089589E+03,1.080142E+03,1.044781E-01,9.457700E-02,0.000000E+00,2.061925E+03,0.000000E+00,2.022067E-01
05:30:00,1.943073E+03,2.074137E+01,6.570732E-02,1.816111E-03,6.900585E+02,2.470915E+01,6.151994E-02,2.181054E-03,2.173578E+03,7.478089E+01,7.350213E-02,6.547799E-03,3.790327E+03,1.054280E+03,1.281744E-01,9.231254E-02,3.089706E+03,1.058051E+03,1.044821E-01,9.264270E-02,0.000000E+00,2.059610E+03,0.000000E+00,2.019796E-01
05:40:00,1.945006E+03,1.297365E+01,6.577267E-02,1.135971E-03,6.902156E+02,2.163740E+01,6.153394E-02,1.909913E-03,2.173794E+03,6.687415E+01,7.350941E-02,5.855486E-03,3.791460E+03,1.028075E+03,1.282127E-01,9.001802E-02,3.089822E+03,1.036399E+03,1.044860E-01,9.074688E-02,0.000000E+00,2.057357E+03,0.000000E+00,2.017587E-01
05:50:00,1.946881E+03,7.135483E+00,6.583610E-02,6.247816E-04,6.903689E+02,1.875668E+01,6.154761E-02,1.655635E-03,2.174003E+03,5.920792E+01,7.351651E-02,5.184233E-03,3.792562E+03,1.002788E+03,1.282500E-01,8.780389E-02,3.089937E+03,1.015208E+03,1.044899E-01,8.889135E-02,0.000000E+00,2.055171E+03,0.000000E+00,2.015443E-01
06:00:00,1.948702E+03,3.166009E+00,6.589768E-02,2.772151E-04,6.905185E+02,1.608612E+01,6.156094E-02,1.419907E-03,2.174208E+03,5.175982E+01,7.352344E-02,4.532079E-03,3.793636E+03,9.784586E+02,1.282863E-01,8.567361E-02,3.090049E+03,9.945190E+02,1.044937E-01,8.707986E-02,0.000000E+00,2.053060E+03,0.000000E+00,2.013373E-01
06:10:00,1.879499E+03,2.985689E+02,6.355749E-02,2.624674E-02,6.905544E+02,1.469464E+02,6.156414E-02,1.297082E-02,2.174276E+03,4.447198E+01,7.352572E-02,3.893956E-03,3.794685E+03,9.551558E+02,1.283218E-01,8.363322E-02,3.090161E+03,9.743370E+02,1.044975E-01,8.531272E-02,0.000000E+00,2.051028E+03,0.000000E+00,2.011380E-01
06:20:00,1.806036E+03,6.166346E+02,6.107325E-02,5.410777E-02,6.903290E+02,2.790230E+02,6.154405E-02,2.462910E-02,2.174029E+03,3.737193E+01,7.351738E-02,3.272278E-03,3.795708E+03,9.354310E+02,1.283564E-01,8.190613E-02,3.090273E+03,9.547161E+02,1.045012E-01,8.359472E-02,0.000000E+00,2.049083E+03,0.000000E+00,2.009473E-01
06:30:00,1.729765E+03,9.316895E+02,5.849406E-02,8.169783E-02,6.898306E+02,4.120814E+02,6.149962E-02,3.637405E-02,2.173457E+03,3.069206E+01,7.349802E-02,2.687390E-03,3.796705E+03,9.182391E+02,1.283901E-01,8.040081E-02,3.090383E+03,9.359280E+02,1.045050E-01,8.194964E-02,0.000000E+00,2.047276E+03,0.000000E+00,2.007701E-01
06:40:00,1.651174E+03,1.250295E+03,5.583641E-02,1.096009E-01,6.891024E+02,5.460186E+02,6.143469E-02,4.819655E-02,2.172611E+03,2.498179E+01,7.346943E-02,2.187400E-03,3.797672E+03,9.044734E+02,1.284228E-01,7.919548E-02,3.090492E+03,9.185646E+02,1.045086E-01,8.042931E-02,0.000000E+00,2.045722E+03,0.000000E+00,2.006177E-01
06:50:00,1.570604E+03,1.571412E+03,5.311182E-02,1.377268E-01,6.881839E+02,6.807536E+02,6.135281E-02,6.008950E-02,2.171541E+03,2.071986E+01,7.343325E-02,1.814226E-03,3.798605E+03,8.943580E+02,1.284543E-01,7.830978E-02,3.090599E+03,9.034737E+02,1.045123E-01,7.910795E-02,0.000000E+00,2.044592E+03,0.000000E+00,2.005069E-01
07:00:00,1.488318E+03,1.895152E+03,5.032924E-02,1.660850E-01,6.871058E+02,8.162219E+02,6.125670E-02,7.204715E-02,2.170283E+03,1.804729E+01,7.339069E-02,1.580216E-03,3.799497E+03,8.882340E+02,1.284845E-01,7.777356E-02,3.090704E+03,8.916290E+02,1.045158E-01,7.807083E-02,0.000000E+00,2.044079E+03,0.000000E+00,2.004566E-01
07:10:00,1.475501E+03,1.924327E+03,4.989582E-02,1.685492E-01,6.860020E+02,8.190786E+02,6.115829E-02,7.229931E-02,2.168996E+03,1.792162E+01,7.334719E-02,1.569213E-03,3.800332E+03,8.867756E+02,1.285127E-01,7.764587E-02,3.090805E+03,8.841125E+02,1.045192E-01,7.741269E-02,0.000000E+00,2.044390E+03,0.000000E+00,2.004871E-01
07:20:00,1.465579E+03,1.935752E+03,4.956029E-02,1.695536E-01,6.850432E+02,8.216336E+02,6.107281E-02,7.252484E-02,2.167885E+03,2.143814E+01,7.330961E-02,1.877119E-03,3.801099E+03,8.878364E+02,1.285387E-01,7.773875E-02,3.090902E+03,8.819671E+02,1.045225E-01,7.722484E-02,0.000000E+00,2.045723E+03,0.000000E+00,2.006178E-01
07:30:00,1.457241E+03,1.954551E+03,4.927832E-02,1.712123E-01,6.842550E+02,8.241331E+02,6.100255E-02,7.274547E-02,2.166977E+03,2.941160E+01,7.327889E-02,2.575273E-03,3.801789E+03,8.928403E+02,1.285620E-01,7.817690E-02,3.090994E+03,8.859826E+02,1.045256E-01,7.757643E-02,0.000000E+00,2.048225E+03,0.000000E+00,2.008631E-01
07:40:00,1.450113E+03,1.973490E+03,4.903728E-02,1.728824E-01,6.836044E+02,8.267050E+02,6.094454E-02,7.297249E-02,2.166229E+03,4.231409E+01,7.325361E-02,3.705012E-03,3.802393E+03,9.012338E+02,1.285824E-01,7.891182E-02,3.091082E+03,8.965518E+02,1.045286E-01,7.850187E-02,0.000000E+00,2.051958E+03,0.000000E+00,2.012292E-01
07:50:00,1.443953E+03,1.993736E+03,4.882899E-02,1.746648E-01,6.830604E+02,8.294645E+02,6.089604E-02,7.321607E-02,2.165604E+03,6.073602E+01,7.323248E-02,5.318033E-03,3.802903E+03,9.131004E+02,1.285997E-01,7.995086E-02,3.091163E+03,9.137061E+02,1.045314E-01,8.000389E-02,0.000000E+00,2.056913E+03,0.000000E+00,2.017152E-01
08:00:00,1.438582E+03,2.015286E+03,4.864736E-02,1.765596E-01,6.825996E+02,8.325115E+02,6.085496E-02,7.348502E-02,2.165074E+03,8.524741E+01,7.321454E-02,7.464245E-03,3.803315E+03,9.283626E+02,1.286136E-01,8.128722E-02,3.091239E+03,9.372057E+02,1.045339E-01,8.206152E-02,0.000000E+00,2.063031E+03,0.000000E+00,2.023152E-01
08:10:00,1.945312E+03,2.136930E+03,6.578302E-02,1.872231E-01,6.822046E+02,8.359359E+02,6.081974E-02,7.378729E-02,2.471488E+03,1.892936E+02,8.357629E-02,1.657451E-02,4.110522E+03,1.021465E+03,1.390022E-01,8.943923E-02,3.193606E+03,9.867210E+02,1.079956E-01,8.639706E-02,0.000000E+00,2.378846E+03,0.000000E+00,2.332861E-01
08:20:00,2.452565E+03,2.269830E+03,8.293641E-02,1.988746E-01,6.818576E+02,8.398180E+02,6.078881E-02,7.412996E-02,2.777955E+03,3.050691E+02,9.393985E-02,2.671180E-02,4.417635E+03,1.124100E+03,1.493876E-01,9.842590E-02,3.295966E+03,1.044768E+03,1.114570E-01,9.147964E-02,0.000000E+00,2.700995E+03,0.000000E+00,2.648783E-01
08:30:00,2.960286E+03,2.414237E+03,1.001055E-01,2.115341E-01,6.815497E+02,8.442340E+02,6.076136E-02,7.451975E-02,3.084480E+03,4.319123E+02,1.043053E-01,3.781839E-02,4.724677E+03,1.235849E+03,1.597705E-01,1.082114E-01,3.398325E+03,1.110704E+03,1.149184E-01,9.725321E-02,0.000000E+00,3.027446E+03,0.000000E+00,2.968924E-01
08:40:00,3.468404E+03,2.570232E+03,1.172880E-01,2.252082E-01,6.812749E+02,8.694242E+02,6.073686E-02,7.674327E-02,3.391054E+03,7.971464E+02,1.146724E-01,6.979989E-02,5.031650E+03,1.591848E+03,1.701510E-01,1.393861E-01,3.500683E+03,1.462612E+03,1.183797E-01,1.280673E-01,0.000000E+00,3.357593E+03,0.000000E+00,3.292689E-01
08:50:00,3.976856E+03,2.738151E+03,1.344816E-01,2.399265E-01,6.810284E+02,8.964296E+02,6.071488E-02,7.912702E-02,3.697669E+03,1.177737E+03,1.250408E-01,1.031314E-01,5.338555E+03,1.968068E+03,1.805292E-01,1.723381E-01,3.603037E+03,1.833493E+03,1.218409E-01,1.605456E-01,0.000000E+00,3.691091E+03,0.000000E+00,3.619740E-01
09:00:00,4.485591E+03,2.918006E+03,1.516849E-01,2.556903E-01,6.808060E+02,9.250551E+02,6.069506E-02,8.165376E-02,4.004316E+03,1.571928E+03,1.354104E-01,1.376564E-01,5.645395E+03,2.361337E+03,1.909051E-01,2.067860E-01,3.705389E+03,2.218739E+03,1.253020E-01,1.942839E-01,0.000000E+00,4.027507E+03,0.000000E+00,3.949653E-01
09:10:00,4.483119E+03,3.049551E+03,1.516010E-01,2.672219E-01,6.806044E+02,9.552970E+02,6.067709E-02,8.432318E-02,4.004121E+03,1.933726E+03,1.354036E-01,1.693473E-01,5.645282E+03,2.724643E+03,1.909010E-01,2.386126E-01,3.705439E+03,2.596174E+03,1.253036E-01,2.273401E-01,0.000000E+00,4.057786E+03,0.000000E+00,3.979346E-01
09:20:00,4.480856E+03,3.182310E+03,1.515241E-01,2.788596E-01,6.804209E+02,9.871831E+02,6.066072E-02,8.713774E-02,4.003949E+03,2.300003E+03,1.353976E-01,2.014321E-01,5.645113E+03,3.097242E+03,1.908951E-01,2.712546E-01,3.705485E+03,2.981321E+03,1.253051E-01,2.610731E-01,0.000000E+00,4.084815E+03,0.000000E+00,4.005853E-01
09:30:00,4.478749E+03,3.314950E+03,1.514527E-01,2.904866E-01,6.802530E+02,1.020733E+03,6.064575E-02,9.009920E-02,4.003782E+03,2.670018E+03,1.353918E-01,2.338452E-01,5.644876E+03,3.477550E+03,1.908868E-01,3.045718E-01,3.705522E+03,3.372984E+03,1.253063E-01,2.953775E-01,0.000000E+00,4.110202E+03,0.000000E+00,4.030750E-01
09:40:00,4.476782E+03,3.447087E+03,1.513860E-01,3.020694E-01,6.800987E+02,1.035789E+03,6.063200E-02,9.142814E-02,4.003620E+03,2.815028E+03,1.353862E-01,2.465566E-01,5.644579E+03,3.629673E+03,1.908766E-01,3.179075E-01,3.705550E+03,3.491371E+03,1.253072E-01,3.057539E-01,0.000000E+00,4.134172E+03,0.000000E+00,4.054256E-01
09:50:00,4.474942E+03,3.578158E+03,1.513237E-01,3.135589E-01,6.799563E+02,1.051379E+03,6.061931E-02,9.280423E-02,4.003463E+03,2.956533E+03,1.353809E-01,2.589567E-01,5.644233E+03,3.777102E+03,1.908648E-01,3.308266E-01,3.705569E+03,3.601924E+03,1.253078E-01,3.154420E-01,0.000000E+00,4.156725E+03,0.000000E+00,4.076374E-01
10:00:00,4.473245E+03,3.708258E+03,1.512663E-01,3.249635E-01,6.798270E+02,1.067757E+03,6.060778E-02,9.424992E-02,4.003316E+03,3.095050E+03,1.353758E-01,2.710936E-01,5.643865E+03,3.922555E+03,1.908523E-01,3.435705E-01,3.705582E+03,3.707867E+03,1.253082E-01,3.247247E-01,0.000000E+00,4.177991E+03,0.000000E+00,4.097228E-01
10:10:00,4.471674E+03,3.797276E+03,1.512131E-01,3.327674E-01,6.797102E+02,1.084975E+03,6.059736E-02,9.576978E-02,4.003179E+03,3.289936E+03,1.353712E-01,2.881676E-01,5.643476E+03,4.126997E+03,1.908391E-01,3.614807E-01,3.705589E+03,3.809897E+03,1.253084E-01,3.336633E-01,0.000000E+00,4.198132E+03,0.000000E+00,4.116980E-01
10:20:00,4.470211E+03,3.884398E+03,1.511636E-01,3.404019E-01,6.796043E+02,1.103036E+03,6.058793E-02,9.736398E-02,4.003052E+03,3.482172E+03,1.353669E-01,3.050116E-01,5.643068E+03,4.330431E+03,1.908253E-01,3.793045E-01,3.705591E+03,3.908406E+03,1.253085E-01,3.422925E-01,0.000000E+00,4.217271E+03,0.000000E+00,4.135749E-01
10:30:00,4.468843E+03,3.970586E+03,1.511174E-01,3.479541E-01,6.795079E+02,1.121905E+03,6.057933E-02,9.902949E-02,4.002935E+03,3.671280E+03,1.353629E-01,3.215829E-01,5.642646E+03,4.533722E+03,1.908110E-01,3.971176E-01,3.705590E+03,4.003600E+03,1.253084E-01,3.506305E-01,0.000000E+00,4.235492E+03,0.000000E+00,4.153617E-01
10:40:00,4.467560E+03,4.056007E+03,1.510740E-01,3.554393E-01,6.794197E+02,1.141534E+03,6.057147E-02,1.007622E-01,4.002825E+03,3.858013E+03,1.353592E-01,3.379481E-01,5.642214E+03,4.736983E+03,1.907963E-01,4.149300E-01,3.705585E+03,4.095615E+03,1.253082E-01,3.586896E-01,0.000000E+00,4.252856E+03,0.000000E+00,4.170646E-01
10:50:00,4.466352E+03,4.140762E+03,1.510331E-01,3.628661E-01,6.793385E+02,1.161985E+03,6.056423E-02,1.025674E-01,4.002723E+03,4.042397E+03,1.353557E-01,3.541079E-01,5.641774E+03,4.940240E+03,1.907815E-01,4.327436E-01,3.705577E+03,4.184537E+03,1.253080E-01,3.664775E-01,0.000000E+00,4.269407E+03,0.000000E+00,4.186877E-01
11:00:00,4.465188E+03,4.224624E+03,1.509938E-01,3.702143E-01,6.792609E+02,1.183209E+03,6.055731E-02,1.044408E-01,4.002625E+03,4.224386E+03,1.353524E-01,3.700582E-01,5.641313E+03,5.143464E+03,1.907659E-01,4.505552E-01,3.705566E+03,4.270407E+03,1.253076E-01,3.739979E-01,0.000000E+00,4.285171E+03,0.000000E+00,4.202336E-01
11:10:00,4.464063E+03,4.305530E+03,1.509557E-01,3.773042E-01,6.791853E+02,1.205148E+03,6.055057E-02,1.063773E-01,4.002528E+03,4.314069E+03,1.353491E-01,3.779233E-01,5.640839E+03,5.255098E+03,1.907498E-01,4.603447E-01,3.705552E+03,4.352845E+03,1.253071E-01,3.812176E-01,0.000000E+00,4.300161E+03,0.000000E+00,4.217037E-01
11:20:00,4.462981E+03,4.383382E+03,1.509191E-01,3.841267E-01,6.791116E+02,1.227730E+03,6.054400E-02,1.083706E-01,4.002433E+03,4.399583E+03,1.353459E-01,3.854201E-01,5.640359E+03,5.363511E+03,1.907336E-01,4.698497E-01,3.705535E+03,4.431744E+03,1.253065E-01,3.881272E-01,0.000000E+00,4.314384E+03,0.000000E+00,4.230985E-01
11:30:00,4.461938E+03,4.458080E+03,1.508839E-01,3.906728E-01,6.790398E+02,1.250889E+03,6.053759E-02,1.104148E-01,4.002340E+03,4.481214E+03,1.353427E-01,3.925748E-01,5.639877E+03,5.469215E+03,1.907173E-01,4.791153E-01,3.705515E+03,4.507075E+03,1.253058E-01,3.947244E-01,0.000000E+00,4.327842E+03,0.000000E+00,4.244183E-01
11:40:00,4.460933E+03,4.529559E+03,1.508499E-01,3.969368E-01,6.789698E+02,1.274551E+03,6.053136E-02,1.125034E-01,4.002250E+03,4.558087E+03,1.353397E-01,3.993104E-01,5.639394E+03,5.572258E+03,1.907010E-01,4.881455E-01,3.705492E+03,4.578809E+03,1.253051E-01,4.010063E-01,0.000000E+00,4.340527E+03,0.000000E+00,4.256622E-01
11:50:00,4.459963E+03,4.597762E+03,1.508171E-01,4.029137E-01,6.789018E+02,1.298511E+03,6.052530E-02,1.146183E-01,4.002162E+03,4.630000E+03,1.353367E-01,4.056106E-01,5.638913E+03,5.672587E+03,1.906847E-01,4.969362E-01,3.705468E+03,4.646898E+03,1.253043E-01,4.069692E-01,0.000000E+00,4.352427E+03,0.000000E+00,4.268292E-01
12:00:00,4.459027E+03,4.662642E+03,1.507854E-01,4.085994E-01,6.788357E+02,1.322656E+03,6.051940E-02,1.167496E-01,4.002076E+03,4.696827E+03,1.353338E-01,4.114646E-01,5.638436E+03,5.770147E+03,1.906686E-01,5.054833E-01,3.705442E+03,4.711293E+03,1.253034E-01,4.126084E-01,0.000000E+00,4.363530E+03,0.000000E+00,4.279180E-01
12:10:00,4.458123E+03,4.726002E+03,1.507549E-01,4.141519E-01,6.787713E+02,1.346867E+03,6.051366E-02,1.188867E-01,4.001992E+03,4.774311E+03,1.353309E-01,4.182519E-01,5.637964E+03,5.881177E+03,1.906526E-01,5.152100E-01,3.705415E+03,4.747142E+03,1.253025E-01,4.157477E-01,0.000000E+00,4.373814E+03,0.000000E+00,4.289265E-01
12:20:00,4.457248E+03,4.787834E+03,1.507253E-01,4.195705E-01,6.787087E+02,1.371027E+03,6.050808E-02,1.210193E-01,4.001910E+03,4.847631E+03,1.353282E-01,4.246750E-01,5.637498E+03,5.990874E+03,1.906368E-01,5.248204E-01,3.705387E+03,4.778965E+03,1.253015E-01,4.185340E-01,0.000000E+00,4.383258E+03,0.000000E+00,4.298527E-01
12:30:00,4.456402E+03,4.848140E+03,1.506967E-01,4.248554E-01,6.786478E+02,1.395027E+03,6.050265E-02,1.231377E-01,4.001830E+03,4.916654E+03,1.353255E-01,4.307220E-01,5.637038E+03,6.099111E+03,1.906213E-01,5.343034E-01,3.705358E+03,4.806953E+03,1.253005E-01,4.209838E-01,0.000000E+00,4.391854E+03,0.000000E+00,4.306957E-01
12:40:00,4.455583E+03,4.909266E+03,1.506690E-01,4.302123E-01,6.785884E+02,1.418770E+03,6.049736E-02,1.252335E-01,4.001753E+03,4.981316E+03,1.353229E-01,4.363873E-01,5.636587E+03,6.208429E+03,1.906061E-01,5.438816E-01,3.705328E+03,4.831170E+03,1.252995E-01,4.231026E-01,0.000000E+00,4.399604E+03,0.000000E+00,4.314558E-01
12:50:00,4.454789E+03,4.975258E+03,1.506421E-01,4.359958E-01,6.785306E+02,1.442196E+03,6.049220E-02,1.273013E-01,4.001677E+03,5.041701E+03,1.353203E-01,4.416783E-01,5.636144E+03,6.323130E+03,1.905911E-01,5.539318E-01,3.705297E+03,4.851758E+03,1.252985E-01,4.249028E-01,0.000000E+00,4.406526E+03,0.000000E+00,4.321345E-01
13:00:00,4.454020E+03,5.049803E+03,1.506161E-01,4.425291E-01,6.784742E+02,1.465292E+03,6.048718E-02,1.293399E-01,4.001603E+03,5.098082E+03,1.353178E-01,4.466185E-01,5.635710E+03,6.447419E+03,1.905764E-01,5.648225E-01,3.705266E+03,4.869021E+03,1.252974E-01,4.264115E-01,0.000000E+00,4.412661E+03,0.000000E+00,4.327362E-01
13:10:00,4.453274E+03,5.135563E+03,1.505909E-01,4.500457E-01,6.784192E+02,1.488087E+03,6.048227E-02,1.313520E-01,4.001531E+03,5.135656E+03,1.353154E-01,4.499114E-01,5.635285E+03,6.569652E+03,1.905620E-01,5.755334E-01,3.705235E+03,4.933585E+03,1.252964E-01,4.320624E-01,0.000000E+00,4.418094E+03,0.000000E+00,4.332690E-01
13:20:00,4.452550E+03,5.235247E+03,1.505664E-01,4.587829E-01,6.783655E+02,1.510639E+03,6.047748E-02,1.333427E-01,4.001461E+03,5.169699E+03,1.353130E-01,4.528944E-01,5.634869E+03,6.707923E+03,1.905480E-01,5.876492E-01,3.705204E+03,4.996903E+03,1.252953E-01,4.376049E-01,0.000000E+00,4.422933E+03,0.000000E+00,4.337436E-01
13:30:00,4.451848E+03,5.350966E+03,1.505427E-01,4.689258E-01,6.783131E+02,1.533027E+03,6.047281E-02,1.353189E-01,4.001392E+03,5.200903E+03,1.353107E-01,4.556284E-01,5.634464E+03,6.864995E+03,1.905342E-01,6.014120E-01,3.705172E+03,5.059153E+03,1.252942E-01,4.430550E-01,0.000000E+00,4.427279E+03,0.000000E+00,4.341697E-01
13:40:00,4.451167E+03,5.481918E+03,1.505196E-01,4.804041E-01,6.782618E+02,1.555330E+03,6.046824E-02,1.372876E-01,4.001325E+03,5.229959E+03,1.353084E-01,4.581738E-01,5.634067E+03,7.040345E+03,1.905209E-01,6.167758E-01,3.705141E+03,5.120850E+03,1.252932E-01,4.484586E-01,0.000000E+00,4.431229E+03,0.000000E+00,4.345571E-01
13:50:00,4.450505E+03,5.625100E+03,1.504973E-01,4.929544E-01,6.782117E+02,1.577602E+03,6.046378E-02,1.392535E-01,4.001259E+03,5.257444E+03,1.353062E-01,4.605814E-01,5.633681E+03,7.231125E+03,1.905078E-01,6.334911E-01,3.705109E+03,5.182492E+03,1.252921E-01,4.538586E-01,0.000000E+00,4.434873E+03,0.000000E+00,4.349144E-01
14:00:00,4.449863E+03,5.777455E+03,1.504755E-01,5.063085E-01,6.781628E+02,1.599854E+03,6.045941E-02,1.412176E-01,4.001195E+03,5.283763E+03,1.353040E-01,4.628869E-01,5.633304E+03,7.434104E+03,1.904951E-01,6.512750E-01,3.705078E+03,5.244416E+03,1.252911E-01,4.592842E-01,0.000000E+00,4.438280E+03,0.000000E+00,4.352485E-01
14:10:00,4.449239E+03,5.934714E+03,1.504544E-01,5.200922E-01,6.781149E+02,1.622050E+03,6.045514E-02,1.431768E-01,4.001132E+03,5.278593E+03,1.353019E-01,4.624337E-01,5.632938E+03,7.614882E+03,1.904826E-01,6.671137E-01,3.705047E+03,5.281408E+03,1.252900E-01,4.625269E-01,0.000000E+00,4.441488E+03,0.000000E+00,4.355631E-01
14:20:00,4.448633E+03,6.094189E+03,1.504340E-01,5.340697E-01,6.780680E+02,1.644121E+03,6.045096E-02,1.451251E-01,4.001070E+03,5.271478E+03,1.352998E-01,4.618090E-01,5.632580E+03,7.799955E+03,1.904706E-01,6.833271E-01,3.705016E+03,5.318023E+03,1.252890E-01,4.657363E-01,0.000000E+00,4.444509E+03,0.000000E+00,4.358594E-01
14:30:00,4.448044E+03,6.253643E+03,1.504140E-01,5.480449E-01,6.780221E+02,1.665977E+03,6.044687E-02,1.470543E-01,4.001010E+03,5.262546E+03,1.352978E-01,4.610244E-01,5.632232E+03,7.986947E+03,1.904588E-01,6.997069E-01,3.704986E+03,5.354430E+03,1.252879E-01,4.689270E-01,0.000000E+00,4.447351E+03,0.000000E+00,4.361382E-01
14:40:00,4.447472E+03,6.411304E+03,1.503947E-01,5.618626E-01,6.779772E+02,1.687513E+03,6.044286E-02,1.489552E-01,4.000952E+03,5.251784E+03,1.352958E-01,4.600787E-01,5.631894E+03,8.173735E+03,1.904474E-01,7.160667E-01,3.704956E+03,5.390573E+03,1.252869E-01,4.720936E-01,0.000000E+00,4.450013E+03,0.000000E+00,4.363992E-01
14:50:00,4.446916E+03,6.565811E+03,1.503759E-01,5.754036E-01,6.779332E+02,1.708614E+03,6.043894E-02,1.508178E-01,4.000894E+03,5.239085E+03,1.352938E-01,4.589627E-01,5.631564E+03,8.358552E+03,1.904362E-01,7.322523E-01,3.704926E+03,5.426313E+03,1.252859E-01,4.752244E-01,0.000000E+00,4.452483E+03,0.000000E+00,4.366414E-01
15:00:00,4.446376E+03,6.716127E+03,1.503576E-01,5.885769E-01,6.778901E+02,1.729162E+03,6.043510E-02,1.526316E-01,4.000837E+03,5.224310E+03,1.352919E-01,4.576645E-01,5.631244E+03,8.539959E+03,1.904254E-01,7.481383E-01,3.704896E+03,5.461476E+03,1.252849E-01,4.783041E-01,0.000000E+00,4.454742E+03,0.000000E+00,4.368629E-01
15:10:00,4.445851E+03,6.860803E+03,1.503399E-01,6.012558E-01,6.778480E+02,1.749042E+03,6.043134E-02,1.543863E-01,4.000782E+03,5.236897E+03,1.352901E-01,4.587633E-01,5.630933E+03,8.746564E+03,1.904148E-01,7.662315E-01,3.704867E+03,5.495779E+03,1.252839E-01,4.813083E-01,0.000000E+00,4.456768E+03,0.000000E+00,4.370616E-01
15:20:00,4.445340E+03,6.999154E+03,1.503226E-01,6.133802E-01,6.778067E+02,1.768140E+03,6.042766E-02,1.560721E-01,4.000728E+03,5.247228E+03,1.352882E-01,4.596655E-01,5.630630E+03,8.947721E+03,1.904046E-01,7.838482E-01,3.704838E+03,5.529043E+03,1.252829E-01,4.842215E-01,0.000000E+00,4.458533E+03,0.000000E+00,4.372347E-01
15:30:00,4.444844E+03,7.130497E+03,1.503058E-01,6.248901E-01,6.777662E+02,1.786343E+03,6.042406E-02,1.576788E-01,4.000675E+03,5.254989E+03,1.352864E-01,4.603433E-01,5.630335E+03,9.142087E+03,1.903946E-01,8.008712E-01,3.704810E+03,5.561044E+03,1.252820E-01,4.870240E-01,0.000000E+00,4.460010E+03,0.000000E+00,4.373795E-01
15:40:00,4.373538E+03,7.325909E+03,1.478946E-01,6.420146E-01,6.776145E+02,1.803657E+03,6.041053E-02,1.592072E-01,4.000489E+03,5.260076E+03,1.352801E-01,4.607876E-01,5.630038E+03,9.328467E+03,1.903846E-01,8.171961E-01,3.704780E+03,5.591545E+03,1.252810E-01,4.896951E-01,0.000000E+00,4.461169E+03,0.000000E+00,4.374932E-01
15:50:00,4.298145E+03,7.521534E+03,1.453451E-01,6.591622E-01,6.772055E+02,1.820151E+03,6.037407E-02,1.606630E-01,3.999994E+03,5.262499E+03,1.352634E-01,4.609989E-01,5.629742E+03,9.510240E+03,1.903746E-01,8.331184E-01,3.704750E+03,5.620322E+03,1.252800E-01,4.922152E-01,0.000000E+00,4.461982E+03,0.000000E+00,4.375729E-01
16:00:00,4.220083E+03,7.711122E+03,1.427054E-01,6.757805E-01,6.765276E+02,1.835743E+03,6.031363E-02,1.620394E-01,3.999179E+03,5.262077E+03,1.352358E-01,4.609614E-01,5.629451E+03,9.682346E+03,1.903647E-01,8.481943E-01,3.704719E+03,5.647153E+03,1.252789E-01,4.945649E-01,0.000000E+00,4.462417E+03,0.000000E+00,4.376156E-01
16:10:00,4.139820E+03,7.854728E+03,1.399913E-01,6.883674E-01,6.756232E+02,1.850259E+03,6.023300E-02,1.633206E-01,3.998097E+03,5.169970E+03,1.351992E-01,4.528924E-01,5.629161E+03,9.753649E+03,1.903549E-01,8.544396E-01,3.704688E+03,5.672134E+03,1.252779E-01,4.967526E-01,0.000000E+00,4.462444E+03,0.000000E+00,4.376182E-01
16:20:00,4.057686E+03,7.991065E+03,1.372139E-01,7.003138E-01,6.745314E+02,1.863522E+03,6.013567E-02,1.644914E-01,3.996794E+03,5.074300E+03,1.351552E-01,4.445085E-01,5.628868E+03,9.811405E+03,1.903450E-01,8.594954E-01,3.704656E+03,5.694914E+03,1.252768E-01,4.987476E-01,0.000000E+00,4.462034E+03,0.000000E+00,4.375781E-01
16:30:00,3.973938E+03,8.118694E+03,1.343819E-01,7.114969E-01,6.732827E+02,1.875408E+03,6.002435E-02,1.655405E-01,3.995306E+03,4.975321E+03,1.351049E-01,4.358329E-01,5.628565E+03,9.854979E+03,1.903348E-01,8.633033E-01,3.704624E+03,5.715273E+03,1.252757E-01,5.005304E-01,0.000000E+00,4.461166E+03,0.000000E+00,4.374929E-01
16:40:00,3.959603E+03,8.164473E+03,1.338972E-01,7.155075E-01,6.720128E+02,1.885697E+03,5.991113E-02,1.664487E-01,3.993796E+03,4.872956E+03,1.350538E-01,4.268587E-01,5.628251E+03,9.883028E+03,1.903242E-01,8.657450E-01,3.704594E+03,5.733052E+03,1.252747E-01,5.020874E-01,0.000000E+00,4.459824E+03,0.000000E+00,4.373613E-01
16:50:00,3.948126E+03,8.189973E+03,1.335091E-01,7.177368E-01,6.708858E+02,1.894129E+03,5.981065E-02,1.671930E-01,3.992459E+03,4.766951E+03,1.350086E-01,4.175642E-01,5.627911E+03,9.889360E+03,1.903127E-01,8.662803E-01,3.704563E+03,5.748092E+03,1.252736E-01,5.034044E-01,0.000000E+00,4.457998E+03,0.000000E+00,4.371822E-01
17:00:00,3.938225E+03,8.200916E+03,1.331742E-01,7.186903E-01,6.699278E+02,1.900610E+03,5.972525E-02,1.677651E-01,3.991323E+03,4.657267E+03,1.349702E-01,4.079468E-01,5.627529E+03,9.878259E+03,1.902998E-01,8.652868E-01,3.704532E+03,5.760258E+03,1.252726E-01,5.044697E-01,0.000000E+00,4.455684E+03,0.000000E+00,4.369553E-01
17:10:00,3.929562E+03,8.235688E+03,1.328813E-01,7.217335E-01,6.691129E+02,1.905154E+03,5.965260E-02,1.681662E-01,3.990354E+03,4.633831E+03,1.349374E-01,4.058844E-01,5.627096E+03,9.938056E+03,1.902851E-01,8.705040E-01,3.704500E+03,5.769529E+03,1.252715E-01,5.052815E-01,0.000000E+00,4.452890E+03,0.000000E+00,4.366813E-01
17:20:00,3.921902E+03,8.252918E+03,1.326223E-01,7.232424E-01,6.684109E+02,1.907811E+03,5.959001E-02,1.684008E-01,3.989515E+03,4.608370E+03,1.349090E-01,4.036474E-01,5.626603E+03,9.978369E+03,1.902684E-01,8.740172E-01,3.704466E+03,5.775959E+03,1.252703E-01,5.058445E-01,0.000000E+00,4.449627E+03,0.000000E+00,4.363613E-01
17:30:00,3.915063E+03,8.251219E+03,1.323910E-01,7.230925E-01,6.677974E+02,1.908620E+03,5.953532E-02,1.684721E-01,3.988777E+03,4.580561E+03,1.348841E-01,4.012066E-01,5.626044E+03,9.996625E+03,1.902495E-01,8.756039E-01,3.704429E+03,5.779547E+03,1.252691E-01,5.061586E-01,0.000000E+00,4.445920E+03,0.000000E+00,4.359977E-01
17:40:00,3.908908E+03,8.228817E+03,1.321828E-01,7.211273E-01,6.672548E+02,1.907618E+03,5.948694E-02,1.683837E-01,3.988120E+03,4.550334E+03,1.348619E-01,3.985559E-01,5.625416E+03,9.990699E+03,1.902283E-01,8.750785E-01,3.704389E+03,5.780292E+03,1.252677E-01,5.062237E-01,0.000000E+00,4.441801E+03,0.000000E+00,4.355939E-01
17:50:00,3.903327E+03,8.183996E+03,1.319941E-01,7.171967E-01,6.667696E+02,1.904861E+03,5.944369E-02,1.681404E-01,3.987526E+03,4.517788E+03,1.348418E-01,3.957037E-01,5.624721E+03,9.958660E+03,1.902048E-01,8.722695E-01,3.704345E+03,5.778228E+03,1.252662E-01,5.060429E-01,0.000000E+00,4.437316E+03,0.000000E+00,4.351540E-01
18:00:00,3.898235E+03,8.112275E+03,1.318220E-01,7.109083E-01,6.663316E+02,1.900401E+03,5.940464E-02,1.677466E-01,3.986986E+03,4.483026E+03,1.348235E-01,3.926581E-01,5.623962E+03,9.895491E+03,1.901791E-01,8.667351E-01,3.704296E+03,5.773402E+03,1.252646E-01,5.056200E-01,0.000000E+00,4.432515E+03,0.000000E+00,4.346832E-01
18:10:00,3.893544E+03,8.010132E+03,1.316633E-01,7.019534E-01,6.659283E+02,1.894267E+03,5.936869E-02,1.672052E-01,3.986484E+03,4.445151E+03,1.348065E-01,3.893402E-01,5.623139E+03,9.797810E+03,1.901513E-01,8.581779E-01,3.704242E+03,5.764956E+03,1.252628E-01,5.048802E-01,0.000000E+00,4.117125E+03,0.000000E+00,4.037538E-01
18:20:00,3.889201E+03,7.873597E+03,1.315164E-01,6.899841E-01,6.655541E+02,1.886453E+03,5.933532E-02,1.665155E-01,3.986014E+03,4.404196E+03,1.347906E-01,3.857526E-01,5.622260E+03,9.661260E+03,1.901216E-01,8.462160E-01,3.704183E+03,5.752152E+03,1.252608E-01,5.037588E-01,0.000000E+00,3.795569E+03,0.000000E+00,3.722199E-01
18:30:00,3.885162E+03,7.698828E+03,1.313799E-01,6.746638E-01,6.652056E+02,1.876892E+03,5.930425E-02,1.656715E-01,3.985573E+03,4.360097E+03,1.347757E-01,3.818897E-01,5.621329E+03,9.481406E+03,1.900901E-01,8.304609E-01,3.704119E+03,5.734893E+03,1.252586E-01,5.022472E-01,0.000000E+00,3.470175E+03,0.000000E+00,3.403095E-01
18:40:00,3.881392E+03,7.473158E+03,1.312524E-01,6.548824E-01,6.648798E+02,1.844174E+03,5.927521E-02,1.627835E-01,3.985158E+03,4.063782E+03,1.347617E-01,3.559358E-01,5.620354E+03,8.987112E+03,1.900571E-01,7.871646E-01,3.704050E+03,5.439102E+03,1.252563E-01,4.763424E-01,0.000000E+00,3.141625E+03,0.000000E+00,3.080895E-01
18:50:00,3.877860E+03,7.201406E+03,1.311329E-01,6.310618E-01,6.645741E+02,1.807528E+03,5.924796E-02,1.595488E-01,3.984766E+03,3.754651E+03,1.347484E-01,3.288557E-01,5.619342E+03,8.424400E+03,1.900229E-01,7.378712E-01,3.703976E+03,5.123501E+03,1.252538E-01,4.486999E-01,0.000000E+00,2.810268E+03,0.000000E+00,2.755943E-01
19:00:00,3.874539E+03,6.905477E+03,1.310206E-01,6.051219E-01,6.642863E+02,1.767419E+03,5.922230E-02,1.560085E-01,3.984394E+03,3.435353E+03,1.347359E-01,3.008851E-01,5.618299E+03,7.820453E+03,1.899876E-01,6.849658E-01,3.703897E+03,4.792967E+03,1.252511E-01,4.197490E-01,0.000000E+00,2.476513E+03,0.000000E+00,2.428640E-01
19:10:00,3.359955E+03,6.420845E+03,1.136196E-01,5.626475E-01,6.640146E+02,1.724125E+03,5.919807E-02,1.521869E-01,3.677170E+03,2.976599E+03,1.243468E-01,2.607018E-01,5.310339E+03,7.076228E+03,1.795737E-01,6.197754E-01,3.601518E+03,4.401322E+03,1.217891E-01,3.854463E-01,0.000000E+00,2.451059E+03,0.000000E+00,2.403679E-01
19:20:00,2.845458E+03,5.960892E+03,9.622150E-02,5.223333E-01,6.637571E+02,1.678058E+03,5.917512E-02,1.481207E-01,3.369924E+03,2.516346E+03,1.139570E-01,2.203859E-01,5.002331E+03,6.341617E+03,1.691582E-01,5.554267E-01,3.499128E+03,4.001340E+03,1.183266E-01,3.504129E-01,0.000000E+00,2.429835E+03,0.000000E+00,2.382865E-01
19:30:00,2.331155E+03,5.534072E+03,7.882996E-02,4.849213E-01,6.635125E+02,1.629703E+03,5.915331E-02,1.438524E-01,3.062709E+03,2.055277E+03,1.035683E-01,1.799985E-01,4.694316E+03,5.628490E+03,1.587425E-01,4.929570E-01,3.396735E+03,3.594475E+03,1.148641E-01,3.147759E-01,0.000000E+00,2.410794E+03,0.000000E+00,2.364192E-01
19:40:00,1.816979E+03,5.158141E+03,6.144273E-02,4.519672E-01,6.632794E+02,1.600885E+03,5.913253E-02,1.413087E-01,2.755501E+03,1.843339E+03,9.317987E-02,1.614316E-01,4.386283E+03,5.215225E+03,1.483262E-01,4.567478E-01,3.294335E+03,3.455889E+03,1.114014E-01,3.026329E-01,0.000000E+00,2.393489E+03,0.000000E+00,2.347222E-01
19:50:00,1.302927E+03,4.833366E+03,4.405968E-02,4.234956E-01,6.630569E+02,1.572789E+03,5.911269E-02,1.388286E-01,2.448302E+03,1.641752E+03,8.279172E-02,1.437747E-01,4.078240E+03,4.862917E+03,1.379095E-01,4.258795E-01,3.191930E+03,3.327775E+03,1.079385E-01,2.914090E-01,0.000000E+00,2.377766E+03,0.000000E+00,2.331802E-01
20:00:00,7.889878E+02,4.543957E+03,2.668045E-02,3.981233E-01,6.628440E+02,1.545367E+03,5.909371E-02,1.364081E-01,2.141112E+03,1.448457E+03,7.240388E-02,1.268440E-01,3.770192E+03,4.552457E+03,1.274927E-01,3.986757E-01,3.089521E+03,3.206087E+03,1.044755E-01,2.807478E-01,0.000000E+00,2.363378E+03,0.000000E+00,2.317693E-01
20:10:00,7.866035E+02,4.464545E+03,2.659986E-02,3.911520E-01,6.626398E+02,1.518784E+03,5.907551E-02,1.340617E-01,2.140801E+03,1.394950E+03,7.239342E-02,1.221552E-01,3.769034E+03,4.394012E+03,1.274537E-01,3.847849E-01,3.089405E+03,3.138912E+03,1.044716E-01,2.748604E-01,0.000000E+00,2.350091E+03,0.000000E+00,2.304662E-01
20:20:00,7.843971E+02,4.389626E+03,2.652526E-02,3.845783E-01,6.624437E+02,1.493096E+03,5.905802E-02,1.317942E-01,2.140536E+03,1.343869E+03,7.238448E-02,1.176800E-01,3.767909E+03,4.247512E+03,1.274157E-01,3.719410E-01,3.089292E+03,3.074999E+03,1.044678E-01,2.692591E-01,0.000000E+00,2.337727E+03,0.000000E+00,2.292537E-01
20:30:00,7.822377E+02,4.318775E+03,2.645224E-02,3.783636E-01,6.622551E+02,1.468324E+03,5.904121E-02,1.296076E-01,2.140261E+03,1.295164E+03,7.237523E-02,1.134132E-01,3.766782E+03,4.111116E+03,1.273777E-01,3.599856E-01,3.089176E+03,3.013713E+03,1.044639E-01,2.638887E-01,0.000000E+00,2.326155E+03,0.000000E+00,2.281189E-01
20:40:00,7.801709E+02,4.251481E+03,2.638235E-02,3.724637E-01,6.620734E+02,1.444478E+03,5.902501E-02,1.275027E-01,2.140001E+03,1.248487E+03,7.236644E-02,1.093243E-01,3.765674E+03,3.983547E+03,1.273403E-01,3.488079E-01,3.089062E+03,2.954647E+03,1.044601E-01,2.587139E-01,0.000000E+00,2.315273E+03,0.000000E+00,2.270518E-01
20:50:00,7.781817E+02,4.187454E+03,2.631508E-02,3.668525E-01,6.618981E+02,1.421556E+03,5.900938E-02,1.254794E-01,2.139749E+03,1.203699E+03,7.235795E-02,1.054013E-01,3.764583E+03,3.863831E+03,1.273035E-01,3.383213E-01,3.088948E+03,2.897525E+03,1.044563E-01,2.537104E-01,0.000000E+00,2.305000E+03,0.000000E+00,2.260443E-01
21:00:00,7.762647E+02,4.126443E+03,2.625026E-02,3.615069E-01,6.617287E+02,1.399544E+03,5.899428E-02,1.235365E-01,2.139506E+03,1.160675E+03,7.234976E-02,1.016330E-01,3.763511E+03,3.751141E+03,1.272673E-01,3.284520E-01,3.088835E+03,2.842137E+03,1.044525E-01,2.488594E-01,0.000000E+00,2.295268E+03,0.000000E+00,2.250899E-01
21:10:00,7.744153E+02,4.068104E+03,2.618772E-02,3.563961E-01,6.615649E+02,1.378424E+03,5.897968E-02,1.216722E-01,2.139271E+03,1.119304E+03,7.234183E-02,9.800970E-02,3.762458E+03,3.644619E+03,1.272317E-01,3.191238E-01,3.088724E+03,2.788320E+03,1.044487E-01,2.441464E-01,0.000000E+00,2.286023E+03,0.000000E+00,2.241833E-01
21:20:00,7.726295E+02,4.012224E+03,2.612734E-02,3.515009E-01,6.614062E+02,1.358169E+03,5.896554E-02,1.198843E-01,2.139044E+03,1.079489E+03,7.233414E-02,9.452284E-02,3.761426E+03,3.543626E+03,1.271969E-01,3.102802E-01,3.088613E+03,2.735942E+03,1.044450E-01,2.395596E-01,0.000000E+00,2.277220E+03,0.000000E+00,2.233200E-01
21:30:00,7.709037E+02,3.958618E+03,2.606898E-02,3.468051E-01,6.612524E+02,1.338745E+03,5.895182E-02,1.181698E-01,2.138823E+03,1.041138E+03,7.232669E-02,9.116429E-02,3.760414E+03,3.447609E+03,1.271627E-01,3.018726E-01,3.088504E+03,2.684887E+03,1.044413E-01,2.350889E-01,0.000000E+00,2.268819E+03,0.000000E+00,2.224961E-01
21:40:00,7.692345E+02,3.907119E+03,2.601253E-02,3.422939E-01,6.611031E+02,1.320118E+03,5.893851E-02,1.165256E-01,2.138609E+03,1.004164E+03,7.231946E-02,8.792643E-02,3.759425E+03,3.356087E+03,1.271293E-01,2.938587E-01,3.088396E+03,2.635056E+03,1.044377E-01,2.307255E-01,0.000000E+00,2.260782E+03,0.000000E+00,2.217080E-01
21:50:00,7.676190E+02,3.857579E+03,2.595791E-02,3.379543E-01,6.609581E+02,1.302249E+03,5.892558E-02,1.149483E-01,2.138401E+03,9.684857E+02,7.231243E-02,8.480208E-02,3.758457E+03,3.268634E+03,1.270966E-01,2.862012E-01,3.088289E+03,2.586361E+03,1.044341E-01,2.264616E-01,0.000000E+00,2.253079E+03,0.000000E+00,2.209526E-01
22:00:00,7.660546E+02,3.809863E+03,2.590501E-02,3.337745E-01,6.608172E+02,1.285098E+03,5.891302E-02,1.134344E-01,2.138198E+03,9.340264E+02,7.230560E-02,8.178455E-02,3.757512E+03,3.184877E+03,1.270646E-01,2.788673E-01,3.088184E+03,2.538724E+03,1.044305E-01,2.222904E-01,0.000000E+00,2.245681E+03,0.000000E+00,2.202271E-01
22:10:00,9.057169E+02,3.371853E+03,3.062785E-02,2.954016E-01,6.608962E+02,1.133508E+03,5.892006E-02,1.000537E-01,2.138261E+03,9.002920E+02,7.230773E-02,7.883054E-02,3.756584E+03,3.104603E+03,1.270332E-01,2.718385E-01,3.088079E+03,2.492061E+03,1.044270E-01,2.182045E-01,0.000000E+00,2.238560E+03,0.000000E+00,2.195288E-01
22:20:00,1.053674E+03,2.924736E+03,3.563117E-02,2.562250E-01,6.614945E+02,9.801076E+02,5.897341E-02,8.651320E-02,2.138945E+03,8.666923E+02,7.233088E-02,7.588837E-02,3.755676E+03,3.027540E+03,1.270025E-01,2.650908E-01,3.087975E+03,2.446315E+03,1.044235E-01,2.141990E-01,0.000000E+00,2.231694E+03,0.000000E+00,2.188554E-01
22:30:00,1.206950E+03,2.471480E+03,4.081435E-02,2.165100E-01,6.626325E+02,8.255100E+02,5.907486E-02,7.286701E-02,2.140273E+03,8.331926E+02,7.237578E-02,7.295499E-02,3.754790E+03,2.953453E+03,1.269726E-01,2.586038E-01,3.087872E+03,2.401450E+03,1.044200E-01,2.102706E-01,0.000000E+00,2.225064E+03,0.000000E+00,2.182052E-01
22:40:00,1.364692E+03,2.014099E+03,4.614858E-02,1.764335E-01,6.642257E+02,6.700633E+02,5.921689E-02,5.914587E-02,2.142141E+03,7.999386E+02,7.243896E-02,7.004314E-02,3.753931E+03,2.882118E+03,1.269436E-01,2.523576E-01,3.087770E+03,2.357427E+03,1.044166E-01,2.064158E-01,0.000000E+00,2.218656E+03,0.000000E+00,2.175768E-01
22:50:00,1.526269E+03,1.553410E+03,5.161247E-02,1.360672E-01,6.661977E+02,5.140212E+02,5.939270E-02,4.537218E-02,2.144457E+03,7.670524E+02,7.251729E-02,6.716352E-02,3.753111E+03,2.813322E+03,1.269158E-01,2.463339E-01,3.087670E+03,2.314212E+03,1.044132E-01,2.026319E-01,0.000000E+00,2.212454E+03,0.000000E+00,2.169686E-01
23:00:00,1.691177E+03,1.090104E+03,5.718903E-02,9.547145E-02,6.684881E+02,3.575704E+02,5.959690E-02,3.156241E-02,2.147150E+03,7.346238E+02,7.260835E-02,6.432398E-02,3.752344E+03,2.746867E+03,1.268899E-01,2.405151E-01,3.087572E+03,2.271780E+03,1.044099E-01,1.989166E-01,0.000000E+00,2.206447E+03,0.000000E+00,2.163795E-01
23:10:00,1.717835E+03,1.016719E+03,5.809048E-02,8.903629E-02,6.708338E+02,3.359667E+02,5.980602E-02,2.965547E-02,2.149904E+03,7.031428E+02,7.270151E-02,6.156744E-02,3.751655E+03,2.682448E+03,1.268666E-01,2.348745E-01,3.087478E+03,2.230122E+03,1.044067E-01,1.952690E-01,0.000000E+00,2.200627E+03,0.000000E+00,2.158088E-01
23:20:00,1.738838E+03,9.523913E+02,5.880075E-02,8.340069E-02,6.728984E+02,3.166490E+02,5.999008E-02,2.795032E-02,2.152322E+03,6.731869E+02,7.278325E-02,5.894444E-02,3.751067E+03,2.619864E+03,1.268467E-01,2.293947E-01,3.087390E+03,2.189212E+03,1.044037E-01,1.916869E-01,0.000000E+00,2.194985E+03,0.000000E+00,2.152555E-01
23:30:00,1.756887E+03,8.944121E+02,5.941110E-02,7.832184E-02,6.746324E+02,2.990457E+02,6.014467E-02,2.639649E-02,2.154346E+03,6.447760E+02,7.285172E-02,5.645674E-02,3.750602E+03,2.558925E+03,1.268310E-01,2.240589E-01,3.087307E+03,2.149015E+03,1.044009E-01,1.881673E-01,0.000000E+00,2.189508E+03,0.000000E+00,2.147184E-01
23:40:00,1.772600E+03,8.409740E+02,5.994244E-02,7.364116E-02,6.760965E+02,2.828359E+02,6.027520E-02,2.496567E-02,2.156055E+03,6.177542E+02,7.290950E-02,5.409067E-02,3.750282E+03,2.499471E+03,1.268202E-01,2.188531E-01,3.087231E+03,2.109504E+03,1.043984E-01,1.847077E-01,0.000000E+00,2.184187E+03,0.000000E+00,2.141965E-01
23:50:00,1.786412E+03,7.914411E+02,6.040953E-02,6.930284E-02,6.773477E+02,2.677813E+02,6.038675E-02,2.363681E-02,2.157517E+03,5.920008E+02,7.295896E-02,5.183567E-02,3.750122E+03,2.441365E+03,1.268148E-01,2.137654E-01,3.087163E+03,2.070650E+03,1.043961E-01,1.813057E-01,0.000000E+00,2.179013E+03,0.000000E+00,2.136891E-01
24:00:00,1.798658E+03,7.453122E+02,6.082366E-02,6.526288E-02,6.784306E+02,2.537029E+02,6.048329E-02,2.239412E-02,2.158788E+03,5.674560E+02,7.300193E-02,4.968651E-02,3.750132E+03,2.384497E+03,1.268151E-01,2.087860E-01,3.087106E+03,2.032427E+03,1.043941E-01,1.779588E-01,0.000000E+00,2.173977E+03,0.000000E+00,2.131952E-01
Peak,4.485591E+03,8.252918E+03,1.516849E-01,7.232424E-01,6.905544E+02,1.908620E+03,6.156414E-02,1.684721E-01,4.004316E+03,5.283763E+03,1.354104E-01,4.628869E-01,5.645395E+03,9.996625E+03,1.909051E-01,8.756039E-01,3.705591E+03,5.780292E+03,1.253085E-01,5.062237E-01,0.000000E+00,4.462444E+03,0.000000E+00,4.376182E-01

Peak Vol Flow (m3/s),,,1.406968E-01,6.708509E-01,,,5.710445E-02,1.562680E-01,,,1.256013E-01,4.293555E-01,,,1.770760E-01,8.121754E-01,,,1.162312E-01,4.695530E-01,,,0.000000E+00,4.059173E-01
